county,homicide_location_type_hotel_motel_etc.,homicide_location_type_abandoned_condemned_structure,homicide_location_type_air_bus_train_terminal,homicide_location_type_amusement_park,homicide_location_type_arena_stadium_fairgrounds_coliseum,homicide_location_type_atm_separate_from_bank,homicide_location_type_auto_dealership_new_used,homicide_location_type_bank_savings_and_loan,homicide_location_type_bar_nightclub,homicide_location_type_camp_campground,homicide_location_type_church_synagogue_temple_mosque,homicide_location_type_commercial_office_building,homicide_location_type_community_center,homicide_location_type_construction_site,homicide_location_type_convenience_store,homicide_location_type_cyberspace,homicide_location_type_daycare_facility,homicide_location_type_department_discount_store,homicide_location_type_dock_wharf_freight_modal_terminal,homicide_location_type_drug_store_doctor's_office_hospital,homicide_location_type_farm_facility,homicide_location_type_field_woods,homicide_location_type_gambling_facility_casino_race_track,homicide_location_type_government_public_building,homicide_location_type_grocery_supermarket,homicide_location_type_highway_road_alley_street_sidewalk,homicide_location_type_industrial_site,homicide_location_type_jail_prison_penitentiary_corrections_facility,homicide_location_type_lake_waterway_beach,homicide_location_type_liquor_store,homicide_location_type_military_installation,homicide_location_type_not_specified,homicide_location_type_other_unknown,homicide_location_type_park_playground,homicide_location_type_parking_drop_lot_garage,homicide_location_type_rental_storage_facility,homicide_location_type_residence_home,homicide_location_type_rest_area,homicide_location_type_restaurant,homicide_location_type_school-college_university,homicide_location_type_school-elementary_secondary,homicide_location_type_school_college,homicide_location_type_service_gas_station,homicide_location_type_shelter-mission_homeless,homicide_location_type_shopping_mall,homicide_location_type_specialty_store,homicide_location_type_tribal_lands,homicide_weapon_type_firearm,homicide_weapon_type_asphyxiation,homicide_weapon_type_blunt_object,homicide_weapon_type_club_blackjack_brass_knuckles,homicide_weapon_type_drowning,homicide_weapon_type_drugs_narcotics_sleeping_pills,homicide_weapon_type_explosives,homicide_weapon_type_fire_incendiary_device,homicide_weapon_type_firearm_automatic,homicide_weapon_type_handgun,homicide_weapon_type_handgun_automatic,homicide_weapon_type_knife_cutting_instrument,homicide_weapon_type_lethal_cutting_instrument,homicide_weapon_type_motor_vehicle_vessel,homicide_weapon_type_other,homicide_weapon_type_other_firearm,homicide_weapon_type_other_firearm_automatic,homicide_weapon_type_personal_weapons,homicide_weapon_type_poison,homicide_weapon_type_pushed_or_thrown_out_window,homicide_weapon_type_rifle,homicide_weapon_type_rifle_automatic,homicide_weapon_type_shotgun,homicide_weapon_type_shotgun_automatic,homicide_weapon_type_strangulation_-_include_hanging,homicide_weapon_type_unarmed,homicide_weapon_type_unknown,homicide_offender_age_20-29,homicide_offender_age_0-9,homicide_offender_age_10-19,homicide_offender_age_30-39,homicide_offender_age_40-49,homicide_offender_age_50-59,homicide_offender_age_60-69,homicide_offender_age_70-79,homicide_offender_age_80-89,homicide_offender_age_90-older,homicide_offender_age_unknown,rape_location_type_residence_home,rape_location_type_highway_road_alley_street_sidewalk,rape_location_type_bar_nightclub,rape_location_type_hotel_motel_etc.,rape_location_type_lake_waterway_beach,rape_location_type_convenience_store,rape_location_type_parking_drop_lot_garage,rape_location_type_school-elementary_secondary,rape_location_type_abandoned_condemned_structure,rape_location_type_air_bus_train_terminal,rape_location_type_amusement_park,rape_location_type_arena_stadium_fairgrounds_coliseum,rape_location_type_atm_separate_from_bank,rape_location_type_auto_dealership_new_used,rape_location_type_bank_savings_and_loan,rape_location_type_camp_campground,rape_location_type_church_synagogue_temple_mosque,rape_location_type_commercial_office_building,rape_location_type_community_center,rape_location_type_construction_site,rape_location_type_cyberspace,rape_location_type_daycare_facility,rape_location_type_department_discount_store,rape_location_type_dock_wharf_freight_modal_terminal,rape_location_type_drug_store_doctor's_office_hospital,rape_location_type_farm_facility,rape_location_type_field_woods,rape_location_type_gambling_facility_casino_race_track,rape_location_type_government_public_building,rape_location_type_grocery_supermarket,rape_location_type_industrial_site,rape_location_type_jail_prison_penitentiary_corrections_facility,rape_location_type_liquor_store,rape_location_type_military_installation,rape_location_type_not_specified,rape_location_type_other_unknown,rape_location_type_park_playground,rape_location_type_rental_storage_facility,rape_location_type_rest_area,rape_location_type_restaurant,rape_location_type_school-college_university,rape_location_type_school_college,rape_location_type_service_gas_station,rape_location_type_shelter-mission_homeless,rape_location_type_shopping_mall,rape_location_type_specialty_store,rape_location_type_tribal_lands,rape_weapon_type_knife_cutting_instrument,rape_weapon_type_firearm,rape_weapon_type_personal_weapons,rape_weapon_type_asphyxiation,rape_weapon_type_blunt_object,rape_weapon_type_club_blackjack_brass_knuckles,rape_weapon_type_drowning,rape_weapon_type_drugs_narcotics_sleeping_pills,rape_weapon_type_explosives,rape_weapon_type_fire_incendiary_device,rape_weapon_type_firearm_automatic,rape_weapon_type_handgun,rape_weapon_type_handgun_automatic,rape_weapon_type_lethal_cutting_instrument,rape_weapon_type_motor_vehicle_vessel,rape_weapon_type_other,rape_weapon_type_other_firearm,rape_weapon_type_other_firearm_automatic,rape_weapon_type_poison,rape_weapon_type_pushed_or_thrown_out_window,rape_weapon_type_rifle,rape_weapon_type_rifle_automatic,rape_weapon_type_shotgun,rape_weapon_type_shotgun_automatic,rape_weapon_type_strangulation_-_include_hanging,rape_weapon_type_unarmed,rape_weapon_type_unknown,rape_offender_age_20-29,rape_offender_age_10-19,rape_offender_age_30-39,rape_offender_age_40-49,rape_offender_age_60-69,rape_offender_age_50-59,rape_offender_age_0-9,rape_offender_age_70-79,rape_offender_age_80-89,rape_offender_age_90-older,rape_offender_age_unknown,robbery_location_type_convenience_store,robbery_location_type_restaurant,robbery_location_type_highway_road_alley_street_sidewalk,robbery_location_type_parking_drop_lot_garage,robbery_location_type_residence_home,robbery_location_type_abandoned_condemned_structure,robbery_location_type_air_bus_train_terminal,robbery_location_type_amusement_park,robbery_location_type_arena_stadium_fairgrounds_coliseum,robbery_location_type_atm_separate_from_bank,robbery_location_type_auto_dealership_new_used,robbery_location_type_bank_savings_and_loan,robbery_location_type_bar_nightclub,robbery_location_type_camp_campground,robbery_location_type_church_synagogue_temple_mosque,robbery_location_type_commercial_office_building,robbery_location_type_community_center,robbery_location_type_construction_site,robbery_location_type_cyberspace,robbery_location_type_daycare_facility,robbery_location_type_department_discount_store,robbery_location_type_dock_wharf_freight_modal_terminal,robbery_location_type_drug_store_doctor's_office_hospital,robbery_location_type_farm_facility,robbery_location_type_field_woods,robbery_location_type_gambling_facility_casino_race_track,robbery_location_type_government_public_building,robbery_location_type_grocery_supermarket,robbery_location_type_hotel_motel_etc.,robbery_location_type_industrial_site,robbery_location_type_jail_prison_penitentiary_corrections_facility,robbery_location_type_lake_waterway_beach,robbery_location_type_liquor_store,robbery_location_type_military_installation,robbery_location_type_not_specified,robbery_location_type_other_unknown,robbery_location_type_park_playground,robbery_location_type_rental_storage_facility,robbery_location_type_rest_area,robbery_location_type_school-college_university,robbery_location_type_school-elementary_secondary,robbery_location_type_school_college,robbery_location_type_service_gas_station,robbery_location_type_shelter-mission_homeless,robbery_location_type_shopping_mall,robbery_location_type_specialty_store,robbery_location_type_tribal_lands,robbery_weapon_type_knife_cutting_instrument,robbery_weapon_type_firearm,robbery_weapon_type_personal_weapons,robbery_weapon_type_asphyxiation,robbery_weapon_type_blunt_object,robbery_weapon_type_club_blackjack_brass_knuckles,robbery_weapon_type_drowning,robbery_weapon_type_drugs_narcotics_sleeping_pills,robbery_weapon_type_explosives,robbery_weapon_type_fire_incendiary_device,robbery_weapon_type_firearm_automatic,robbery_weapon_type_handgun,robbery_weapon_type_handgun_automatic,robbery_weapon_type_lethal_cutting_instrument,robbery_weapon_type_motor_vehicle_vessel,robbery_weapon_type_other,robbery_weapon_type_other_firearm,robbery_weapon_type_other_firearm_automatic,robbery_weapon_type_poison,robbery_weapon_type_pushed_or_thrown_out_window,robbery_weapon_type_rifle,robbery_weapon_type_rifle_automatic,robbery_weapon_type_shotgun,robbery_weapon_type_shotgun_automatic,robbery_weapon_type_strangulation_-_include_hanging,robbery_weapon_type_unarmed,robbery_weapon_type_unknown,robbery_offender_age_20-29,robbery_offender_age_10-19,robbery_offender_age_30-39,robbery_offender_age_40-49,robbery_offender_age_0-9,robbery_offender_age_50-59,robbery_offender_age_60-69,robbery_offender_age_70-79,robbery_offender_age_80-89,robbery_offender_age_90-older,robbery_offender_age_unknown,aggravated_assault_weapon_type_personal_weapons,aggravated_assault_weapon_type_knife_cutting_instrument,aggravated_assault_weapon_type_firearm,aggravated_assault_weapon_type_other,aggravated_assault_weapon_type_blunt_object,aggravated_assault_weapon_type_asphyxiation,aggravated_assault_weapon_type_handgun,aggravated_assault_weapon_type_motor_vehicle_vessel,aggravated_assault_weapon_type_other_firearm,aggravated_assault_weapon_type_unknown,aggravated_assault_weapon_type_club_blackjack_brass_knuckles,aggravated_assault_weapon_type_drowning,aggravated_assault_weapon_type_drugs_narcotics_sleeping_pills,aggravated_assault_weapon_type_explosives,aggravated_assault_weapon_type_fire_incendiary_device,aggravated_assault_weapon_type_firearm_automatic,aggravated_assault_weapon_type_handgun_automatic,aggravated_assault_weapon_type_lethal_cutting_instrument,aggravated_assault_weapon_type_other_firearm_automatic,aggravated_assault_weapon_type_poison,aggravated_assault_weapon_type_pushed_or_thrown_out_window,aggravated_assault_weapon_type_rifle,aggravated_assault_weapon_type_rifle_automatic,aggravated_assault_weapon_type_shotgun,aggravated_assault_weapon_type_shotgun_automatic,aggravated_assault_weapon_type_strangulation_-_include_hanging,aggravated_assault_weapon_type_unarmed,aggravated_assault_offender_age_30-39,aggravated_assault_offender_age_20-29,aggravated_assault_offender_age_10-19,aggravated_assault_offender_age_40-49,aggravated_assault_offender_age_50-59,aggravated_assault_offender_age_60-69,aggravated_assault_offender_age_0-9,aggravated_assault_offender_age_70-79,aggravated_assault_offender_age_80-89,aggravated_assault_offender_age_90-older,aggravated_assault_offender_age_unknown,aggravated_assault_location_type_residence_home,aggravated_assault_location_type_highway_road_alley_street_sidewalk,aggravated_assault_location_type_parking_drop_lot_garage,aggravated_assault_location_type_other_unknown,aggravated_assault_location_type_hotel_motel_etc.,aggravated_assault_location_type_convenience_store,aggravated_assault_location_type_jail_prison_penitentiary_corrections_facility,aggravated_assault_location_type_bar_nightclub,aggravated_assault_location_type_restaurant,aggravated_assault_location_type_park_playground,aggravated_assault_location_type_service_gas_station,aggravated_assault_location_type_grocery_supermarket,aggravated_assault_location_type_department_discount_store,aggravated_assault_location_type_commercial_office_building,aggravated_assault_location_type_specialty_store,aggravated_assault_location_type_field_woods,aggravated_assault_location_type_school-elementary_secondary,aggravated_assault_location_type_drug_store_doctor's_office_hospital,aggravated_assault_location_type_rental_storage_facility,aggravated_assault_location_type_government_public_building,aggravated_assault_location_type_construction_site,aggravated_assault_location_type_industrial_site,aggravated_assault_location_type_amusement_park,aggravated_assault_location_type_church_synagogue_temple_mosque,aggravated_assault_location_type_daycare_facility,aggravated_assault_location_type_bank_savings_and_loan,aggravated_assault_location_type_auto_dealership_new_used,aggravated_assault_location_type_air_bus_train_terminal,aggravated_assault_location_type_community_center,aggravated_assault_location_type_arena_stadium_fairgrounds_coliseum,aggravated_assault_location_type_shopping_mall,aggravated_assault_location_type_gambling_facility_casino_race_track,aggravated_assault_location_type_liquor_store,aggravated_assault_location_type_shelter-mission_homeless,aggravated_assault_location_type_abandoned_condemned_structure,aggravated_assault_location_type_camp_campground,aggravated_assault_location_type_lake_waterway_beach,aggravated_assault_location_type_school-college_university,aggravated_assault_location_type_atm_separate_from_bank,aggravated_assault_location_type_cyberspace,aggravated_assault_location_type_dock_wharf_freight_modal_terminal,aggravated_assault_location_type_farm_facility,aggravated_assault_location_type_military_installation,aggravated_assault_location_type_not_specified,aggravated_assault_location_type_rest_area,aggravated_assault_location_type_school_college,aggravated_assault_location_type_tribal_lands
laramie,1.0,0.0,0.0,0.0,0.0,0.0,0.0,0.0,0.0,0.0,0.0,0.0,0.0,0.0,0.0,0.0,0.0,0.0,0.0,0.0,0.0,0.0,0.0,0.0,0.0,0.0,0.0,0.0,0.0,0.0,0.0,0.0,0.0,0.0,0.0,0.0,0.0,0.0,0.0,0.0,0.0,0.0,0.0,0.0,0.0,0.0,0.0,1.0,0.0,0.0,0.0,0.0,0.0,0.0,0.0,0.0,0.0,0.0,0.0,0.0,0.0,0.0,0.0,0.0,0.0,0.0,0.0,0.0,0.0,0.0,0.0,0.0,0.0,0.0,1.0,0.0,0.0,0.0,0.0,0.0,0.0,0.0,0.0,0.0,0.0,0.7666666666666667,0.08333333333333333,0.03333333333333333,0.03333333333333333,0.03333333333333333,0.016666666666666666,0.016666666666666666,0.016666666666666666,0.0,0.0,0.0,0.0,0.0,0.0,0.0,0.0,0.0,0.0,0.0,0.0,0.0,0.0,0.0,0.0,0.0,0.0,0.0,0.0,0.0,0.0,0.0,0.0,0.0,0.0,0.0,0.0,0.0,0.0,0.0,0.0,0.0,0.0,0.0,0.0,0.0,0.0,0.0,0.6,0.2,0.2,0.0,0.0,0.0,0.0,0.0,0.0,0.0,0.0,0.0,0.0,0.0,0.0,0.0,0.0,0.0,0.0,0.0,0.0,0.0,0.0,0.0,0.0,0.0,0.0,0.45,0.26666666666666666,0.2,0.03333333333333333,0.03333333333333333,0.016666666666666666,0.0,0.0,0.0,0.0,0.0,0.2857142857142857,0.2857142857142857,0.14285714285714285,0.14285714285714285,0.14285714285714285,0.0,0.0,0.0,0.0,0.0,0.0,0.0,0.0,0.0,0.0,0.0,0.0,0.0,0.0,0.0,0.0,0.0,0.0,0.0,0.0,0.0,0.0,0.0,0.0,0.0,0.0,0.0,0.0,0.0,0.0,0.0,0.0,0.0,0.0,0.0,0.0,0.0,0.0,0.0,0.0,0.0,0.0,0.6,0.2,0.2,0.0,0.0,0.0,0.0,0.0,0.0,0.0,0.0,0.0,0.0,0.0,0.0,0.0,0.0,0.0,0.0,0.0,0.0,0.0,0.0,0.0,0.0,0.0,0.0,0.4444444444444444,0.3333333333333333,0.1111111111111111,0.1111111111111111,0.0,0.0,0.0,0.0,0.0,0.0,0.0,0.4567901234567901,0.18518518518518517,0.12345679012345678,0.1111111111111111,0.04938271604938271,0.024691358024691357,0.012345679012345678,0.012345679012345678,0.012345679012345678,0.012345679012345678,0.0,0.0,0.0,0.0,0.0,0.0,0.0,0.0,0.0,0.0,0.0,0.0,0.0,0.0,0.0,0.0,0.0,0.25225225225225223,0.22522522522522523,0.1981981981981982,0.17117117117117117,0.12612612612612611,0.02702702702702703,0.0,0.0,0.0,0.0,0.0,0.0,0.0,0.0,0.0,0.0,0.0,0.0,0.0,0.0,0.0,0.0,0.0,0.0,0.0,0.0,0.0,0.0,0.0,0.0,0.0,0.0,0.0,0.0,0.0,0.0,0.0,0.0,0.0,0.0,0.0,0.0,0.0,0.0,0.0,0.0,0.0,0.0,0.0,0.0,0.0,0.0,0.0,0.0,0.0,0.0,0.0,0.0
harris,0.016479894528675015,0.0002059986816084377,0.00037079762689518785,0.0006591957811470006,0.0002883981542518128,0.0,0.0004943968358602505,0.0005355965721819381,0.011329927488464073,0.0002059986816084377,0.0006591957811470006,0.004119973632168754,0.00037079762689518785,0.0010711931443638761,0.015573500329597891,0.0,0.0006179960448253132,0.004161173368490442,0.0,0.0023483849703361897,0.0,0.0027603823335530654,0.00024719841793012525,0.0018539881344759393,0.0042847725774555045,0.18037244561634805,0.0007003955174686882,0.014831905075807514,0.00016479894528675015,0.00024719841793012525,0.0,0.0,0.018581081081081082,0.0070451549110085694,0.1104564930784443,0.002224785761371127,0.5718111404087014,0.0,0.011288727752142387,4.119973632168754e-05,0.0026367831245880024,0.0,0.00688035596572182,0.00024719841793012525,0.0002883981542518128,0.0035431773236651283,0.0,0.003895092183848351,0.0012983640612827837,0.003116073747078681,0.0,0.0,0.018696442482472084,0.0,0.0,0.00025967281225655674,0.01661905998441963,0.0005193456245131135,0.008569202804466372,0.0,0.0,0.043105686834588416,0.0,0.0,0.8254998701635938,0.0,0.0,0.0005193456245131135,0.0,0.0,0.0,0.0,0.0,0.07790184367696702,0.30994152046783624,0.0,0.23586744639376217,0.17348927875243664,0.10916179337231968,0.03898635477582846,0.017543859649122806,0.001949317738791423,0.001949317738791423,0.001949317738791423,0.10916179337231968,0.0,0.0,0.0,0.0,0.0,0.0,0.0,0.0,0.0,0.0,0.0,0.0,0.0,0.0,0.0,0.0,0.0,0.0,0.0,0.0,0.0,0.0,0.0,0.0,0.0,0.0,0.0,0.0,0.0,0.0,0.0,0.0,0.0,0.0,0.0,0.0,0.0,0.0,0.0,0.0,0.0,0.0,0.0,0.0,0.0,0.0,0.0,0.0,0.0,0.0,0.0,0.0,0.0,0.0,0.0,0.0,0.0,0.0,0.0,0.0,0.0,0.0,0.0,0.0,0.0,0.0,0.0,0.0,0.0,0.0,0.0,0.0,0.0,0.0,0.0,0.0,0.0,0.0,0.0,0.0,0.0,0.0,0.0,0.0,0.0,0.11370172555464256,0.06820049301561217,0.11472884141331142,0.1761503697617091,0.17656121610517667,0.00010271158586688578,0.00010271158586688578,0.00030813475760065734,0.0,0.0016433853738701725,0.0022596548890714873,0.012633525061626951,0.005443714050944947,0.0,0.000513557929334429,0.01047658175842235,0.000513557929334429,0.0019515201314708299,0.0,0.0004108463434675431,0.09367296631059983,0.0,0.023520953163516843,0.00010271158586688578,0.0029786359901396876,0.00030813475760065734,0.001027115858668858,0.033792111750205425,0.01972062448644207,0.0007189811010682005,0.0036976170912078883,0.0,0.0015406737880032868,0.0,0.0,0.031224322103533278,0.008422350041084634,0.0021569433032046013,0.00010271158586688578,0.0,0.0009244042728019721,0.0,0.029580936729663106,0.0,0.000513557929334429,0.060291700903861954,0.0,0.0545120745657393,0.059454879254342605,0.2515181471543567,0.0005648919644118063,0.02090100268323683,0.0,0.0,0.00014122299110295156,0.00042366897330885467,0.0,0.000988560937720661,0.4794520547945205,0.011580285270442027,0.0,0.014263522101398108,0.05140516876147437,0.004377912724191499,0.0,0.00014122299110295156,0.0,0.02075977969213388,0.00028244598220590313,0.006072588617426917,0.0,0.0,0.0,0.023160570540884055,0.22872262237248273,0.18183154490665882,0.11568425694546523,0.03851242099073938,0.00014699397324709687,0.01749228281640453,0.0029398794649419372,0.00029398794649419373,0.00029398794649419373,0.0008819638394825813,0.4132000587975893,0.0904664750069554,0.16498191597885561,0.08930724288231476,0.11008068255587498,0.08388203653899656,0.010247611981823241,0.32041175925067233,0.07006398961328017,0.00797551701752759,0.010896781971621998,0.0,0.0,0.0004636928498562552,0.00013910785495687656,0.001854771399425021,0.0011592321246406381,0.005657052768246314,0.0,0.0,0.0007419085597700083,0.0,0.02142260966335899,0.0006491699897987573,0.009598441992024483,0.0,0.0,0.0,0.24356111359237756,0.2879757828395613,0.11761202917969331,0.12669346434420128,0.06158503300084363,0.024763039055133742,0.0009428812465882586,0.0064512927398144015,0.0018361371644087141,0.0003473773013746216,0.12823184953600317,0.5718111404087014,0.18037244561634805,0.1104564930784443,0.018581081081081082,0.016479894528675015,0.015573500329597891,0.014831905075807514,0.011329927488464073,0.011288727752142387,0.0070451549110085694,0.00688035596572182,0.0042847725774555045,0.004161173368490442,0.004119973632168754,0.0035431773236651283,0.0027603823335530654,0.0026367831245880024,0.0023483849703361897,0.002224785761371127,0.0018539881344759393,0.0010711931443638761,0.0007003955174686882,0.0006591957811470006,0.0006591957811470006,0.0006179960448253132,0.0005355965721819381,0.0004943968358602505,0.00037079762689518785,0.00037079762689518785,0.0002883981542518128,0.0002883981542518128,0.00024719841793012525,0.00024719841793012525,0.00024719841793012525,0.0002059986816084377,0.0002059986816084377,0.00016479894528675015,4.119973632168754e-05,0.0,0.0,0.0,0.0,0.0,0.0,0.0,0.0,0.0
burleigh,0.0,0.0,0.0,0.0,0.0,0.0,0.0,0.0,0.0,0.0,0.0,0.0,0.0,0.0,0.0,0.0,0.0,0.0,0.0,0.0,0.0,0.0,0.0,0.0,0.0,0.0,0.0,0.0,0.0,0.0,0.0,0.0,0.0,0.0,0.0,0.0,0.0,0.0,0.0,0.0,0.0,0.0,1.0,0.0,0.0,0.0,0.0,0.0,0.0,0.0,0.0,0.0,0.0,0.0,0.0,0.0,1.0,0.0,0.0,0.0,0.0,0.0,0.0,0.0,0.0,0.0,0.0,0.0,0.0,0.0,0.0,0.0,0.0,0.0,1.0,0.0,0.0,0.0,0.0,0.0,0.0,0.0,0.0,0.0,0.0,0.5,0.0,0.0,0.0,0.0,0.0,0.0,0.0,0.0,0.0,0.0,0.0,0.0,0.0,0.0,0.25,0.0,0.0,0.0,0.0,0.0,0.0,0.0,0.0,0.0,0.0,0.0,0.0,0.0,0.0,0.0,0.0,0.0,0.0,0.0,0.125,0.0,0.0,0.0,0.0,0.125,0.0,0.0,0.0,0.0,0.0,0.0,0.0,0.0,1.0,0.0,0.0,0.0,0.0,0.0,0.0,0.0,0.0,0.0,0.0,0.0,0.0,0.0,0.0,0.0,0.0,0.0,0.0,0.0,0.0,0.0,0.0,0.0,0.0,0.2222222222222222,0.2222222222222222,0.2222222222222222,0.2222222222222222,0.1111111111111111,0.0,0.0,0.0,0.0,0.0,0.0,0.0,0.0,0.0,0.0,1.0,0.0,0.0,0.0,0.0,0.0,0.0,0.0,0.0,0.0,0.0,0.0,0.0,0.0,0.0,0.0,0.0,0.0,0.0,0.0,0.0,0.0,0.0,0.0,0.0,0.0,0.0,0.0,0.0,0.0,0.0,0.0,0.0,0.0,0.0,0.0,0.0,0.0,0.0,0.0,0.0,0.0,0.0,0.0,0.0,1.0,0.0,0.0,0.0,0.0,0.0,0.0,0.0,0.0,0.0,0.0,0.0,0.0,0.0,0.0,0.0,0.0,0.0,0.0,0.0,0.0,0.0,0.0,0.0,0.0,0.0,0.0,1.0,0.0,0.0,0.0,0.0,0.0,0.0,0.0,0.0,0.4520547945205479,0.0958904109589041,0.0136986301369863,0.0547945205479452,0.1506849315068493,0.0821917808219178,0.0273972602739726,0.0547945205479452,0.0,0.0273972602739726,0.0,0.0,0.0,0.0,0.0,0.0,0.0,0.0,0.0,0.0,0.0,0.0136986301369863,0.0,0.0136986301369863,0.0,0.0,0.0,0.32142857142857145,0.40476190476190477,0.16666666666666666,0.05952380952380952,0.03571428571428571,0.011904761904761904,0.0,0.0,0.0,0.0,0.0,0.44594594594594594,0.10810810810810811,0.013513513513513514,0.013513513513513514,0.0,0.0,0.1891891891891892,0.08108108108108109,0.0,0.0,0.0,0.0,0.0,0.0,0.0,0.013513513513513514,0.0,0.0,0.02702702702702703,0.0,0.0,0.0,0.0,0.0,0.0,0.0,0.0,0.0,0.0,0.0,0.0,0.0,0.0,0.0,0.0,0.05405405405405406,0.04054054054054054,0.013513513513513514,0.0,0.0,0.0,0.0,0.0,0.0,0.0,0.0,0.0
minnehaha,0.0,0.0,0.0,0.0,0.0,0.0,0.0,0.0,0.0,0.0,0.0,0.0,0.0,0.0,0.0,0.0,0.0,0.0,0.0,0.0,0.0,0.0,0.0,0.0,0.0,0.6666666666666666,0.0,0.0,0.0,0.0,0.0,0.0,0.0,0.0,0.0,0.0,0.3333333333333333,0.0,0.0,0.0,0.0,0.0,0.0,0.0,0.0,0.0,0.0,0.0,0.0,0.0,0.0,0.0,0.0,0.0,0.0,0.0,0.6666666666666666,0.3333333333333333,0.0,0.0,0.0,0.0,0.0,0.0,0.0,0.0,0.0,0.0,0.0,0.0,0.0,0.0,0.0,0.0,0.25,0.0,0.0,0.25,0.25,0.25,0.0,0.0,0.0,0.0,0.0,0.7241379310344828,0.0,0.0,0.034482758620689655,0.0,0.0,0.06896551724137931,0.06896551724137931,0.0,0.0,0.0,0.0,0.0,0.0,0.0,0.0,0.0,0.0,0.0,0.0,0.0,0.0,0.0,0.0,0.0,0.034482758620689655,0.0,0.0,0.034482758620689655,0.0,0.0,0.034482758620689655,0.0,0.0,0.0,0.0,0.0,0.0,0.0,0.0,0.0,0.0,0.0,0.0,0.0,0.0,0.0,0.0,0.034482758620689655,0.27586206896551724,0.0,0.034482758620689655,0.0,0.0,0.10344827586206896,0.0,0.0,0.0,0.0,0.0,0.0,0.0,0.06896551724137931,0.0,0.0,0.0,0.0,0.0,0.0,0.0,0.0,0.0,0.0,0.13793103448275862,0.14285714285714285,0.32142857142857145,0.2857142857142857,0.21428571428571427,0.0,0.03571428571428571,0.0,0.0,0.0,0.0,0.0,0.0,0.0,0.3333333333333333,0.0,0.0,0.0,0.0,0.0,0.2222222222222222,0.0,0.0,0.0,0.0,0.0,0.0,0.0,0.0,0.0,0.0,0.0,0.0,0.0,0.0,0.0,0.0,0.1111111111111111,0.0,0.0,0.0,0.0,0.3333333333333333,0.0,0.0,0.0,0.0,0.0,0.0,0.0,0.0,0.0,0.0,0.0,0.0,0.0,0.0,0.0,0.0,0.1111111111111111,0.0,0.1111111111111111,0.1111111111111111,0.1111111111111111,0.0,0.0,0.0,0.0,0.0,0.0,0.2222222222222222,0.0,0.0,0.0,0.1111111111111111,0.0,0.0,0.0,0.0,0.0,0.0,0.0,0.0,0.0,0.0,0.1111111111111111,0.2857142857142857,0.14285714285714285,0.42857142857142855,0.14285714285714285,0.0,0.0,0.0,0.0,0.0,0.0,0.0,0.18125,0.16875,0.01875,0.09375,0.0875,0.11875,0.075,0.1125,0.00625,0.00625,0.0,0.0,0.00625,0.0,0.0,0.00625,0.00625,0.0,0.0,0.0,0.0,0.0125,0.0,0.0125,0.0,0.0,0.0,0.24675324675324675,0.21428571428571427,0.2012987012987013,0.18181818181818182,0.11038961038961038,0.03896103896103896,0.0,0.006493506493506494,0.0,0.0,0.0,0.4864864864864865,0.16756756756756758,0.03783783783783784,0.010810810810810811,0.0,0.010810810810810811,0.1783783783783784,0.016216216216216217,0.010810810810810811,0.0,0.005405405405405406,0.0,0.0,0.010810810810810811,0.0,0.010810810810810811,0.0,0.0,0.0,0.02702702702702703,0.0,0.0,0.0,0.0,0.0,0.0,0.0,0.0,0.0,0.010810810810810811,0.0,0.005405405405405406,0.0,0.0,0.0,0.010810810810810811,0.0,0.0,0.0,0.0,0.0,0.0,0.0,0.0,0.0,0.0,0.0
natrona,0.0,0.0,0.0,0.0,0.0,0.0,0.0,0.0,0.0,0.0,0.0,0.0,0.0,0.0,0.0,0.0,0.0,0.0,0.0,0.0,0.0,0.0,0.0,0.0,0.0,1.0,0.0,0.0,0.0,0.0,0.0,0.0,0.0,0.0,0.0,0.0,0.0,0.0,0.0,0.0,0.0,0.0,0.0,0.0,0.0,0.0,0.0,0.0,0.0,0.0,0.0,0.0,0.0,0.0,0.0,0.0,1.0,0.0,0.0,0.0,0.0,0.0,0.0,0.0,0.0,0.0,0.0,0.0,0.0,0.0,0.0,0.0,0.0,0.0,1.0,0.0,0.0,0.0,0.0,0.0,0.0,0.0,0.0,0.0,0.0,0.7619047619047619,0.047619047619047616,0.0,0.0,0.0,0.0,0.0,0.0,0.0,0.0,0.0,0.0,0.0,0.0,0.0,0.0,0.0,0.0,0.0,0.0,0.0,0.0,0.0,0.0,0.0,0.0,0.047619047619047616,0.0,0.0,0.0,0.0,0.14285714285714285,0.0,0.0,0.0,0.0,0.0,0.0,0.0,0.0,0.0,0.0,0.0,0.0,0.0,0.0,0.0,0.0,0.0,0.9047619047619048,0.0,0.0,0.0,0.0,0.047619047619047616,0.0,0.0,0.0,0.0,0.0,0.0,0.0,0.0,0.0,0.0,0.0,0.0,0.0,0.0,0.0,0.0,0.0,0.0,0.047619047619047616,0.0,1.0,0.0,0.0,0.0,0.0,0.0,0.0,0.0,0.0,0.0,0.0,0.0,0.0,0.0,0.0,0.0,0.0,0.0,0.5,0.0,0.0,0.0,0.0,0.0,0.0,0.0,0.0,0.0,0.0,0.0,0.5,0.0,0.0,0.0,0.0,0.0,0.0,0.0,0.0,0.0,0.0,0.0,0.0,0.0,0.0,0.0,0.0,0.0,0.0,0.0,0.0,0.0,0.0,0.0,0.0,0.0,0.0,0.0,0.0,0.5,0.0,0.0,0.0,0.0,0.0,0.0,0.0,0.0,0.5,0.0,0.0,0.0,0.0,0.0,0.0,0.0,0.0,0.0,0.0,0.0,0.0,0.0,0.0,0.0,0.0,1.0,0.0,0.0,0.0,0.0,0.0,0.0,0.0,0.0,0.0,0.22857142857142856,0.14285714285714285,0.05714285714285714,0.05714285714285714,0.17142857142857143,0.0,0.2857142857142857,0.0,0.02857142857142857,0.0,0.0,0.0,0.0,0.0,0.0,0.0,0.0,0.0,0.0,0.02857142857142857,0.0,0.0,0.0,0.0,0.0,0.0,0.0,0.23333333333333334,0.3,0.16666666666666666,0.06666666666666667,0.03333333333333333,0.1,0.0,0.03333333333333333,0.0,0.0,0.06666666666666667,0.5,0.06666666666666667,0.06666666666666667,0.0,0.0,0.0,0.03333333333333333,0.16666666666666666,0.0,0.0,0.03333333333333333,0.0,0.0,0.0,0.0,0.03333333333333333,0.0,0.0,0.0,0.0,0.0,0.0,0.0,0.0,0.0,0.0,0.0,0.0,0.0,0.06666666666666667,0.0,0.0,0.0,0.0,0.0,0.03333333333333333,0.0,0.0,0.0,0.0,0.0,0.0,0.0,0.0,0.0,0.0,0.0
cass,0.0,0.0,0.0,0.0,0.0,0.0,0.0,0.0,0.5,0.0,0.0,0.0,0.0,0.0,0.0,0.0,0.0,0.0,0.0,0.0,0.0,0.0,0.0,0.0,0.0,0.0,0.0,0.0,0.0,0.0,0.0,0.0,0.0,0.0,0.0,0.0,0.5,0.0,0.0,0.0,0.0,0.0,0.0,0.0,0.0,0.0,0.0,0.0,0.0,0.0,0.0,0.0,0.0,0.0,0.0,0.0,0.5,0.0,0.0,0.0,0.0,0.0,0.0,0.0,0.5,0.0,0.0,0.0,0.0,0.0,0.0,0.0,0.0,0.0,1.0,0.0,0.0,0.0,0.0,0.0,0.0,0.0,0.0,0.0,0.0,0.7916666666666666,0.041666666666666664,0.041666666666666664,0.041666666666666664,0.0,0.0,0.0,0.041666666666666664,0.0,0.0,0.0,0.0,0.0,0.0,0.0,0.0,0.0,0.0,0.0,0.0,0.0,0.0,0.0,0.0,0.0,0.0,0.0,0.0,0.0,0.0,0.0,0.0,0.0,0.0,0.0,0.0,0.0,0.041666666666666664,0.0,0.0,0.0,0.0,0.0,0.0,0.0,0.0,0.0,0.0,0.0,0.7916666666666666,0.0,0.0,0.0,0.0,0.0,0.0,0.0,0.0,0.0,0.0,0.0,0.0,0.0,0.0,0.0,0.0,0.0,0.0,0.0,0.0,0.0,0.0,0.0,0.041666666666666664,1.0,0.0,0.0,0.0,0.0,0.0,0.0,0.0,0.0,0.0,0.0,0.0,0.0,0.6,0.0,0.0,0.0,0.0,0.0,0.0,0.0,0.0,0.0,0.0,0.0,0.0,0.0,0.0,0.0,0.0,0.0,0.0,0.0,0.0,0.0,0.0,0.0,0.0,0.0,0.0,0.0,0.0,0.0,0.0,0.0,0.0,0.2,0.0,0.0,0.0,0.0,0.0,0.0,0.2,0.0,0.0,0.0,0.0,0.0,0.2,0.2,0.0,0.2,0.0,0.0,0.0,0.0,0.0,0.0,0.2,0.0,0.0,0.0,0.0,0.0,0.0,0.0,0.0,0.0,0.0,0.0,0.0,0.0,0.0,0.0,1.0,0.0,0.0,0.0,0.0,0.0,0.0,0.0,0.0,0.0,0.0,0.5535714285714286,0.16071428571428573,0.0,0.07142857142857142,0.07142857142857142,0.07142857142857142,0.05357142857142857,0.017857142857142856,0.0,0.0,0.0,0.0,0.0,0.0,0.0,0.0,0.0,0.0,0.0,0.0,0.0,0.0,0.0,0.0,0.0,0.0,0.0,0.3,0.2833333333333333,0.2,0.11666666666666667,0.06666666666666667,0.03333333333333333,0.0,0.0,0.0,0.0,0.0,0.5,0.07407407407407407,0.0,0.0,0.0,0.0,0.3148148148148148,0.07407407407407407,0.0,0.018518518518518517,0.0,0.0,0.0,0.0,0.0,0.0,0.0,0.0,0.0,0.0,0.0,0.0,0.0,0.0,0.0,0.0,0.0,0.0,0.0,0.018518518518518517,0.0,0.0,0.0,0.0,0.0,0.0,0.0,0.0,0.0,0.0,0.0,0.0,0.0,0.0,0.0,0.0,0.0
pennington,0.0,0.0,0.0,0.0,0.0,0.0,0.0,0.0,0.0,0.0,0.0,0.0,0.0,0.0,0.0,0.0,0.0,0.0,0.0,0.0,0.0,0.0,0.0,0.0,0.0,0.4,0.0,0.0,0.0,0.0,0.0,0.0,0.0,0.0,0.0,0.0,0.6,0.0,0.0,0.0,0.0,0.0,0.0,0.0,0.0,0.0,0.0,0.0,0.0,0.0,0.0,0.0,0.0,0.0,0.0,0.0,0.2,0.0,0.2,0.0,0.0,0.0,0.2,0.0,0.2,0.0,0.0,0.2,0.0,0.0,0.0,0.0,0.0,0.0,0.6,0.0,0.0,0.2,0.2,0.0,0.0,0.0,0.0,0.0,0.0,0.2,0.4,0.0,0.1,0.0,0.2,0.0,0.0,0.0,0.0,0.0,0.0,0.0,0.0,0.0,0.0,0.0,0.0,0.0,0.0,0.0,0.0,0.0,0.0,0.0,0.0,0.0,0.0,0.0,0.0,0.0,0.0,0.0,0.0,0.0,0.1,0.0,0.0,0.0,0.0,0.0,0.0,0.0,0.0,0.0,0.0,0.0,0.0,0.0,0.375,0.0,0.125,0.0,0.0,0.0,0.0,0.0,0.0,0.25,0.125,0.0,0.0,0.0,0.0,0.0,0.0,0.0,0.0,0.0,0.0,0.0,0.0,0.0,0.125,0.17791411042944785,0.26380368098159507,0.22699386503067484,0.1411042944785276,0.049079754601226995,0.049079754601226995,0.006134969325153374,0.006134969325153374,0.0,0.0,0.07975460122699386,0.2,0.0,0.4,0.0,0.2,0.0,0.0,0.0,0.0,0.0,0.0,0.0,0.0,0.0,0.0,0.0,0.0,0.0,0.0,0.0,0.0,0.0,0.0,0.0,0.0,0.0,0.0,0.0,0.1,0.0,0.0,0.0,0.0,0.0,0.0,0.1,0.0,0.0,0.0,0.0,0.0,0.0,0.0,0.0,0.0,0.0,0.0,0.0,0.0,0.375,0.0,0.125,0.0,0.0,0.0,0.0,0.0,0.0,0.25,0.125,0.0,0.0,0.0,0.0,0.0,0.0,0.0,0.0,0.0,0.0,0.0,0.0,0.0,0.125,0.3333333333333333,0.16666666666666666,0.16666666666666666,0.08333333333333333,0.0,0.08333333333333333,0.0,0.0,0.0,0.0,0.16666666666666666,0.3633217993079585,0.15916955017301038,0.020761245674740483,0.06228373702422145,0.0657439446366782,0.10034602076124567,0.08650519031141868,0.07958477508650519,0.0034602076124567475,0.010380622837370242,0.0,0.0,0.0,0.0,0.0034602076124567475,0.0,0.01730103806228374,0.0,0.0,0.0,0.0,0.006920415224913495,0.0,0.01384083044982699,0.0,0.0,0.0,0.31970260223048325,0.24907063197026022,0.11524163568773234,0.18587360594795538,0.07063197026022305,0.03717472118959108,0.0,0.011152416356877323,0.0,0.0,0.011152416356877323,0.6206896551724138,0.14482758620689656,0.041379310344827586,0.027586206896551724,0.017241379310344827,0.0,0.03103448275862069,0.0034482758620689655,0.0034482758620689655,0.006896551724137931,0.006896551724137931,0.0,0.0,0.0,0.0,0.010344827586206896,0.017241379310344827,0.0,0.0034482758620689655,0.017241379310344827,0.020689655172413793,0.0,0.0,0.0,0.0,0.0,0.0,0.0,0.0,0.0034482758620689655,0.0,0.0,0.0,0.0,0.0,0.017241379310344827,0.006896551724137931,0.0,0.0,0.0,0.0,0.0,0.0,0.0,0.0,0.0,0.0
new_york_county,0.0,0.0,0.0,0.0,0.0,0.0,0.0,0.0,0.017857142857142856,0.0,0.0,0.0,0.0,0.0,0.002551020408163265,0.0,0.0,0.0,0.0,0.01020408163265306,0.0,0.0,0.0,0.0,0.03571428571428571,0.375,0.0,0.0,0.0,0.002551020408163265,0.0,0.0,0.09693877551020408,0.02295918367346939,0.00510204081632653,0.0,0.413265306122449,0.002551020408163265,0.0,0.0,0.0,0.0,0.002551020408163265,0.007653061224489796,0.002551020408163265,0.002551020408163265,0.0,0.27680798004987534,0.00997506234413965,0.03740648379052369,0.0,0.0,0.007481296758104738,0.0,0.0,0.0,0.23690773067331672,0.0,0.23192019950124687,0.0,0.034912718204488775,0.029925187032418952,0.0024937655860349127,0.0,0.10473815461346633,0.0024937655860349127,0.0,0.0,0.0,0.004987531172069825,0.0,0.0,0.0,0.0199501246882793,0.0574468085106383,0.0,0.01276595744680851,0.05319148936170213,0.04042553191489362,0.031914893617021274,0.01702127659574468,0.00425531914893617,0.0,0.0,0.7829787234042553,0.7136379490756889,0.06103941402162539,0.007324729682595047,0.03767003836763167,0.0,0.0,0.004534356470177886,0.01430066271363795,0.0010463899546564353,0.0027903732124171608,0.0,0.0,0.0,0.0,0.0,0.0,0.0013951866062085804,0.0017439832577607255,0.0,0.0,0.0,0.0,0.0003487966515521451,0.0006975933031042902,0.010812696198116497,0.0,0.0,0.0,0.008371119637251482,0.0017439832577607255,0.0006975933031042902,0.009766306243460064,0.0,0.0,0.0,0.06278339727938612,0.01709103592605511,0.0006975933031042902,0.0006975933031042902,0.003139169863969306,0.004534356470177886,0.0,0.0,0.02336937565399372,0.0076735263341471925,0.0020927799093128706,0.0,0.01289198606271777,0.0024390243902439024,0.2857142857142857,0.0,0.003484320557491289,0.0,0.0,0.0017421602787456446,0.0,0.0,0.0,0.005226480836236934,0.0,0.0,0.0,0.008362369337979094,0.0,0.0,0.0,0.0,0.0,0.0,0.0,0.0,0.0,0.0,0.0,0.15429225768321514,0.11384456264775414,0.10117464539007093,0.04321808510638298,0.006020981087470449,0.017361111111111112,0.0003324468085106383,0.000591016548463357,0.0,0.0,0.5631648936170213,0.006915001009489198,0.020795477488390873,0.3932465172622653,0.006713103169796083,0.16903896628306078,5.047445992327882e-05,0.0032808398950131233,0.0,0.00010094891984655764,0.0012618614980819706,0.0,0.009640621845346255,0.006309307490409853,0.0,0.00035332121946295175,0.004138905713708864,0.0,0.0003028467595396729,0.0,5.047445992327882e-05,0.02094690086816071,0.00010094891984655764,0.01625277609529578,0.0,0.0,0.0002523722996163941,0.0013628104179285283,0.07480314960629922,0.006157884110640016,0.0004037956793862306,0.0003028467595396729,0.0,0.0028770442156268927,0.0,0.0,0.15218049666868563,0.029376135675348275,0.00015142337976983646,0.0013123359580052493,0.0006056935190793458,0.0012618614980819706,0.0,0.011710074702200686,0.0042903290934786995,0.026297193620028265,0.027155259438724006,0.0,0.16699588012867544,0.04859190699249393,0.4864834358598115,5.6436593487217114e-05,0.035611490490433995,0.0,0.0,0.0004514927478977369,0.00011287318697443423,0.0,0.0,0.09949771431796377,0.0,0.0,0.001467351430667645,0.05073649754500818,0.016930978046165134,0.0,0.0037812517636435466,0.0,0.00033861956092330267,0.0,0.00033861956092330267,0.0,0.0,0.0,0.0,0.15429225768321514,0.11384456264775414,0.10117464539007093,0.04321808510638298,0.0003324468085106383,0.017361111111111112,0.006020981087470449,0.000591016548463357,0.0,0.0,0.5631648936170213,0.22771606610674613,0.2957735031156868,0.03836358710376592,0.2084259008398808,0.1522351666215118,0.0,0.05968572202655107,0.0063939311839609865,0.002573828230831753,0.0010024383635871038,0.0,0.0,0.0008940666486047142,0.0001083717149823896,0.0,0.0,0.0,0.0,0.0,0.004930913031698726,0.0,0.0002438363587103766,0.0,8.12787862367922e-05,0.0,0.0,0.0,0.21840576807530543,0.19735129180853195,0.05878229521329862,0.12054376126577208,0.06519126777488483,0.033396755457640696,0.0004005607850991388,0.005983376727418385,0.0010264370118165432,5.007009813739235e-05,0.29886841578209494,0.4916849615806806,0.2619923161361142,0.0048024149286498355,0.09110867178924259,0.004253567508232711,0.0017837541163556532,0.0023600439077936333,0.013144895718990121,0.017041712403951702,0.013693743139407244,0.0029088913282107574,0.026564215148188804,0.0027716794731064763,0.0010702524698133918,0.0048024149286498355,0.0,0.00433589462129528,0.008315038419319428,0.00046652030735455543,0.002881448957189901,0.0003841931942919868,0.0006037321624588365,0.0,0.0006586169045005489,0.00013721185510428101,0.0007958287596048298,0.0,0.0031558726673984634,0.0,5.48847420417124e-05,0.009577387486278814,8.232711306256861e-05,0.0009604829857299671,0.0258781558726674,0.0,0.0,0.0,0.00032930845225027445,2.74423710208562e-05,0.0,0.0003841931942919868,0.0,0.0,0.0,0.0009879253567508233,0.0,0.0
allegheny,0.0070921985815602835,0.014184397163120567,0.0,0.0,0.0,0.0,0.0,0.0070921985815602835,0.02127659574468085,0.0,0.0,0.0070921985815602835,0.0,0.0,0.014184397163120567,0.0,0.0,0.0,0.0,0.0,0.0,0.028368794326241134,0.0,0.0,0.0,0.4326241134751773,0.0,0.0,0.0,0.0070921985815602835,0.0,0.0,0.0,0.0,0.05673758865248227,0.0,0.3900709219858156,0.0,0.0,0.0,0.0,0.0,0.014184397163120567,0.0,0.0,0.0,0.0,0.24475524475524477,0.006993006993006993,0.013986013986013986,0.0,0.0,0.006993006993006993,0.0,0.0,0.0,0.5454545454545454,0.0,0.04195804195804196,0.0,0.04895104895104895,0.0,0.0,0.0,0.013986013986013986,0.0,0.0,0.04195804195804196,0.0,0.006993006993006993,0.0,0.0,0.0,0.027972027972027972,0.2835820895522388,0.0,0.1865671641791045,0.17164179104477612,0.09701492537313433,0.08208955223880597,0.014925373134328358,0.0,0.0,0.0,0.16417910447761194,0.7457142857142857,0.03142857142857143,0.008571428571428572,0.025714285714285714,0.0,0.002857142857142857,0.011428571428571429,0.008571428571428572,0.002857142857142857,0.0,0.0,0.002857142857142857,0.0,0.0,0.0,0.002857142857142857,0.0,0.0,0.0,0.0,0.0,0.002857142857142857,0.0,0.0,0.002857142857142857,0.0,0.02,0.0,0.011428571428571429,0.0,0.0,0.03142857142857143,0.0,0.0,0.0,0.07428571428571429,0.008571428571428572,0.0,0.0,0.0,0.005714285714285714,0.0,0.0,0.0,0.0,0.0,0.0,0.0625,0.2708333333333333,0.0625,0.0,0.0,0.0,0.0,0.0,0.0,0.0,0.0,0.4166666666666667,0.0,0.0,0.0,0.0,0.0,0.0,0.0,0.0,0.0,0.0,0.0,0.0,0.0,0.0,0.10416666666666667,0.19195046439628483,0.1826625386996904,0.25386996904024767,0.14241486068111456,0.02786377708978328,0.06501547987616099,0.015479876160990712,0.01238390092879257,0.0030959752321981426,0.0,0.10526315789473684,0.1111111111111111,0.037037037037037035,0.14814814814814814,0.024691358024691357,0.3333333333333333,0.0,0.012345679012345678,0.0,0.0,0.0,0.0,0.04938271604938271,0.012345679012345678,0.0,0.0,0.0,0.0,0.0,0.0,0.0,0.024691358024691357,0.0,0.08641975308641975,0.0,0.0,0.0,0.0,0.012345679012345678,0.0,0.0,0.04938271604938271,0.0,0.0,0.0,0.0,0.012345679012345678,0.024691358024691357,0.0,0.0,0.0,0.0,0.0,0.04938271604938271,0.0,0.012345679012345678,0.0,0.0,0.0625,0.2708333333333333,0.0625,0.0,0.0,0.0,0.0,0.0,0.0,0.0,0.0,0.4166666666666667,0.0,0.0,0.0,0.0,0.0,0.0,0.0,0.0,0.0,0.0,0.0,0.0,0.0,0.0,0.10416666666666667,0.35185185185185186,0.35185185185185186,0.037037037037037035,0.037037037037037035,0.0,0.037037037037037035,0.0,0.0,0.0,0.0,0.18518518518518517,0.1206896551724138,0.11330049261083744,0.2733990147783251,0.007389162561576354,0.014778325123152709,0.012315270935960592,0.30049261083743845,0.029556650246305417,0.0,0.03940886699507389,0.0,0.0,0.0049261083743842365,0.0024630541871921183,0.0049261083743842365,0.0,0.0,0.0,0.0,0.0,0.0,0.022167487684729065,0.0,0.0,0.0,0.0,0.0,0.26666666666666666,0.28055555555555556,0.15555555555555556,0.11666666666666667,0.04722222222222222,0.013888888888888888,0.0,0.005555555555555556,0.0,0.0,0.11388888888888889,0.3850687622789784,0.3988212180746562,0.03339882121807466,0.01768172888015717,0.003929273084479371,0.0137524557956778,0.04518664047151277,0.025540275049115914,0.005893909626719057,0.011787819253438114,0.011787819253438114,0.0019646365422396855,0.0,0.0,0.0,0.005893909626719057,0.0019646365422396855,0.0019646365422396855,0.0019646365422396855,0.003929273084479371,0.0,0.0,0.007858546168958742,0.0019646365422396855,0.003929273084479371,0.0,0.0,0.009823182711198428,0.0,0.0,0.0,0.0,0.0,0.005893909626719057,0.0,0.0,0.0,0.0,0.0,0.0,0.0,0.0,0.0,0.0,0.0,0.0,0.0
kent,0.0,0.0,0.0,0.0,0.0,0.0,0.0,0.0,0.0,0.0,0.0,0.0,0.0,0.0,0.0,0.0,0.0,0.0,0.0,0.0,0.0,0.0,0.0,0.0,0.0,0.3181818181818182,0.0,0.0,0.0,0.0,0.0,0.0,0.045454545454545456,0.045454545454545456,0.045454545454545456,0.0,0.5454545454545454,0.0,0.0,0.0,0.0,0.0,0.0,0.0,0.0,0.0,0.0,0.0,0.0,0.047619047619047616,0.0,0.0,0.0,0.0,0.0,0.0,0.38095238095238093,0.0,0.19047619047619047,0.0,0.0,0.0,0.0,0.0,0.19047619047619047,0.0,0.0,0.047619047619047616,0.0,0.09523809523809523,0.0,0.0,0.0,0.047619047619047616,0.34782608695652173,0.0,0.17391304347826086,0.21739130434782608,0.08695652173913043,0.0,0.043478260869565216,0.043478260869565216,0.0,0.0,0.08695652173913043,0.859375,0.0234375,0.0,0.0078125,0.0,0.0,0.015625,0.0078125,0.0,0.0,0.0,0.0,0.0,0.0,0.0,0.0078125,0.0,0.0,0.0,0.0,0.0,0.0,0.0,0.0,0.0,0.0,0.0390625,0.0,0.0078125,0.0,0.0,0.0,0.0,0.0,0.0,0.0234375,0.0,0.0,0.0,0.0,0.0,0.0,0.0,0.0,0.0078125,0.0,0.0,0.0,0.0,0.967741935483871,0.0,0.0,0.0,0.0,0.0,0.0,0.0,0.0,0.0,0.0,0.0,0.0,0.0,0.0,0.0,0.0,0.0,0.0,0.0,0.0,0.0,0.0,0.0,0.008064516129032258,0.23880597014925373,0.14925373134328357,0.2537313432835821,0.04477611940298507,0.029850746268656716,0.04477611940298507,0.0,0.0,0.0,0.0,0.23880597014925373,0.1836734693877551,0.02040816326530612,0.20408163265306123,0.0,0.3877551020408163,0.0,0.0,0.0,0.0,0.0,0.0,0.0,0.0,0.0,0.02040816326530612,0.0,0.0,0.0,0.0,0.0,0.061224489795918366,0.0,0.0,0.0,0.0,0.02040816326530612,0.0,0.0,0.0,0.0,0.0,0.0,0.0,0.0,0.0,0.061224489795918366,0.0,0.0,0.0,0.0,0.0,0.0,0.04081632653061224,0.0,0.0,0.0,0.0,0.0851063829787234,0.0851063829787234,0.2978723404255319,0.0,0.02127659574468085,0.0,0.0,0.0,0.0,0.0,0.0,0.3404255319148936,0.0,0.0,0.02127659574468085,0.02127659574468085,0.0,0.0,0.0,0.0,0.02127659574468085,0.0,0.0,0.0,0.0,0.0,0.06382978723404255,0.23880597014925373,0.14925373134328357,0.2537313432835821,0.04477611940298507,0.0,0.04477611940298507,0.029850746268656716,0.0,0.0,0.0,0.23880597014925373,0.14195583596214512,0.19400630914826497,0.08990536277602523,0.18454258675078863,0.06782334384858044,0.022082018927444796,0.19400630914826497,0.07097791798107256,0.00473186119873817,0.0015772870662460567,0.0,0.0,0.0015772870662460567,0.0,0.0031545741324921135,0.0,0.006309148264984227,0.0,0.0,0.0,0.0,0.00946372239747634,0.0,0.007886435331230283,0.0,0.0,0.0,0.3,0.23157894736842105,0.15921052631578947,0.10263157894736842,0.06578947368421052,0.03684210526315789,0.0,0.006578947368421052,0.002631578947368421,0.0013157894736842105,0.09342105263157895,0.7567264573991032,0.15022421524663676,0.0033632286995515697,0.02242152466367713,0.006726457399103139,0.01233183856502242,0.0,0.0011210762331838565,0.006726457399103139,0.0011210762331838565,0.0011210762331838565,0.0,0.002242152466367713,0.0,0.0011210762331838565,0.004484304932735426,0.014573991031390135,0.0011210762331838565,0.0,0.0,0.0,0.0,0.0,0.0033632286995515697,0.0,0.0,0.0,0.0011210762331838565,0.0,0.002242152466367713,0.0011210762331838565,0.0011210762331838565,0.0011210762331838565,0.0,0.0,0.0,0.0011210762331838565,0.0011210762331838565,0.0,0.0,0.0,0.0011210762331838565,0.0011210762331838565,0.0,0.0,0.0,0.0
new_castle,0.0,0.0,0.0,0.0,0.0,0.0,0.0,0.0,0.0,0.0,0.0,0.0,0.0,0.0,0.0,0.0,0.0,0.0,0.0,0.0,0.0,0.0,0.0,0.0,0.0,0.1951219512195122,0.0,0.0,0.0,0.0,0.0,0.0,0.0,0.024390243902439025,0.0,0.0,0.7804878048780488,0.0,0.0,0.0,0.0,0.0,0.0,0.0,0.0,0.0,0.0,0.37142857142857144,0.0,0.0,0.0,0.0,0.0,0.0,0.0,0.0,0.2571428571428571,0.02857142857142857,0.11428571428571428,0.0,0.0,0.02857142857142857,0.0,0.0,0.11428571428571428,0.0,0.0,0.0,0.0,0.0,0.0,0.0,0.0,0.08571428571428572,0.225,0.0,0.325,0.175,0.075,0.075,0.025,0.025,0.025,0.0,0.05,0.9327217125382263,0.012232415902140673,0.0030581039755351682,0.0061162079510703364,0.0030581039755351682,0.0,0.0061162079510703364,0.0,0.0,0.0,0.0,0.0,0.0,0.0,0.0,0.0,0.0,0.0,0.0,0.0,0.0,0.0,0.0,0.0,0.0,0.0,0.009174311926605505,0.0,0.0030581039755351682,0.0,0.0,0.0,0.0,0.0,0.0,0.0030581039755351682,0.021406727828746176,0.0,0.0,0.0,0.0,0.0,0.0,0.0,0.0,0.0,0.0,0.003076923076923077,0.009230769230769232,0.9076923076923077,0.0,0.0,0.0,0.0,0.0,0.0,0.0,0.0,0.003076923076923077,0.0,0.0,0.0,0.027692307692307693,0.0,0.0,0.0,0.0,0.0,0.0,0.0,0.0,0.0,0.0,0.009230769230769232,0.2195845697329377,0.3026706231454006,0.2314540059347181,0.08605341246290801,0.02967359050445104,0.07418397626112759,0.005934718100890208,0.01483679525222552,0.002967359050445104,0.0,0.032640949554896145,0.006097560975609756,0.0,0.1798780487804878,0.024390243902439025,0.7012195121951219,0.0,0.0,0.0,0.0,0.0,0.0,0.0,0.0,0.0,0.0,0.009146341463414634,0.003048780487804878,0.0,0.0,0.0,0.0,0.0,0.0,0.0,0.0,0.0,0.0,0.003048780487804878,0.0,0.0,0.0,0.0,0.006097560975609756,0.0,0.0,0.003048780487804878,0.051829268292682924,0.0,0.003048780487804878,0.0,0.003048780487804878,0.0,0.0,0.0,0.003048780487804878,0.003048780487804878,0.0,0.0718954248366013,0.20915032679738563,0.27450980392156865,0.0,0.016339869281045753,0.0,0.0,0.0,0.0,0.0032679738562091504,0.00980392156862745,0.2875816993464052,0.00980392156862745,0.0,0.0,0.029411764705882353,0.006535947712418301,0.0,0.0,0.0,0.0032679738562091504,0.0,0.0032679738562091504,0.0,0.0,0.0,0.0196078431372549,0.21516754850088182,0.3509700176366843,0.07583774250440917,0.02821869488536155,0.0,0.007054673721340388,0.0,0.0,0.0,0.0,0.32275132275132273,0.08978963571062083,0.21600820933812212,0.172396100564392,0.18727552591072344,0.10312981015905592,0.04515135967162647,0.12365315546434069,0.023601847101077475,0.008209338122113904,0.0061570035915854285,0.0,0.0,0.0015392508978963571,0.002052334530528476,0.002052334530528476,0.0015392508978963571,0.0061570035915854285,0.0,0.0,0.0,0.0,0.0061570035915854285,0.001026167265264238,0.004104669061056952,0.0,0.0,0.0,0.22281295311744803,0.28564523924601254,0.15901401643305946,0.11068148864185597,0.07829869502174963,0.033832769453842435,0.0,0.006766553890768487,0.0004833252779120348,0.0004833252779120348,0.10198163363943934,0.8822593476531424,0.07120127287191726,0.0147175815433572,0.002386634844868735,0.0,0.002386634844868735,0.0,0.0011933174224343676,0.002386634844868735,0.010739856801909307,0.0003977724741447892,0.0007955449482895784,0.0011933174224343676,0.0015910898965791568,0.0003977724741447892,0.0011933174224343676,0.0,0.0007955449482895784,0.0,0.0015910898965791568,0.0,0.0,0.0,0.0003977724741447892,0.0003977724741447892,0.0,0.0,0.0003977724741447892,0.0011933174224343676,0.0,0.0011933174224343676,0.0,0.0003977724741447892,0.0,0.0,0.0,0.0,0.0,0.0,0.0,0.0007955449482895784,0.0,0.0,0.0,0.0,0.0,0.0
dallas,0.02127659574468085,0.0,0.0,0.0,0.0035460992907801418,0.0,0.0,0.001182033096926714,0.02009456264775414,0.0,0.002364066193853428,0.07919621749408984,0.0,0.001182033096926714,0.015366430260047281,0.0,0.0,0.004728132387706856,0.001182033096926714,0.001182033096926714,0.0,0.1016548463356974,0.004728132387706856,0.0,0.0,0.2127659574468085,0.0,0.0,0.001182033096926714,0.001182033096926714,0.0,0.0,0.031914893617021274,0.014184397163120567,0.19739952718676124,0.0,0.26595744680851063,0.001182033096926714,0.0035460992907801418,0.0,0.0,0.0,0.01182033096926714,0.0,0.001182033096926714,0.0,0.0,0.19662243667068757,0.0012062726176115801,0.010856453558504222,0.0,0.0,0.0012062726176115801,0.0,0.0036188178528347406,0.015681544028950542,0.5006031363088058,0.054282267792521106,0.06272617611580217,0.0,0.0036188178528347406,0.025331724969843185,0.030156815440289506,0.008443908323281062,0.018094089264173704,0.0012062726176115801,0.0,0.03618817852834741,0.0024125452352231603,0.006031363088057901,0.0,0.0,0.0,0.021712907117008445,0.333065164923572,0.0,0.15526950925181013,0.15607401448109412,0.05953338696701529,0.035398230088495575,0.013676588897827836,0.0,0.0,0.0,0.24698310539018503,0.09235344095157179,0.17051826677994902,0.007731520815632965,0.017587085811384878,0.0004248088360237893,0.07026338147833475,0.18071367884451997,0.0008496176720475786,0.0007646559048428207,0.0007646559048428207,0.0,0.0004248088360237893,0.0011894647408666101,0.0009345794392523365,0.006117247238742566,8.496176720475786e-05,0.001274426508071368,0.13806287170773152,8.496176720475786e-05,0.001784197111299915,0.0,0.0,0.07383177570093458,8.496176720475786e-05,0.007476635514018692,0.0,0.06703483432455395,0.0022090059473237043,0.0005097706032285472,0.015548003398470688,0.0005097706032285472,0.0,0.002463891248937978,0.0,0.0,0.01597281223449448,0.014953271028037384,0.0008496176720475786,0.0,0.041376380628717076,0.0004248088360237893,0.0,0.05828377230246389,0.0002548853016142736,0.003738317757009346,0.002548853016142736,0.0,0.06882067851373183,0.041572428648357564,0.2874528809908454,0.0012924071082390954,0.02186322024771136,0.0,0.0,0.0002154011847065159,0.00010770059235325795,0.0007539041464728056,0.0002154011847065159,0.48077544426494345,0.005385029617662897,0.0,0.004308023694130318,0.03338718362950996,0.012493268712977922,0.00032310177705977385,0.0,0.0,0.019170705438879915,0.00010770059235325795,0.00420032310177706,0.0,0.0,0.0,0.017555196553581044,0.31027508090614886,0.20266990291262135,0.23988673139158576,0.1104368932038835,0.021035598705501618,0.06553398058252427,0.006472491909385114,0.004449838187702265,0.0008090614886731392,0.0,0.03843042071197411,0.07026338147833475,0.041376380628717076,0.17051826677994902,0.18071367884451997,0.09235344095157179,0.0007646559048428207,0.0007646559048428207,0.0,0.0004248088360237893,0.0011894647408666101,0.0009345794392523365,0.006117247238742566,0.007731520815632965,8.496176720475786e-05,0.001274426508071368,0.13806287170773152,8.496176720475786e-05,0.001784197111299915,0.0,0.0,0.07383177570093458,8.496176720475786e-05,0.007476635514018692,0.0,0.06703483432455395,0.0022090059473237043,0.0005097706032285472,0.015548003398470688,0.017587085811384878,0.0005097706032285472,0.0,0.0004248088360237893,0.002463891248937978,0.0,0.0,0.01597281223449448,0.014953271028037384,0.0008496176720475786,0.0,0.0004248088360237893,0.0008496176720475786,0.0,0.05828377230246389,0.0002548853016142736,0.003738317757009346,0.002548853016142736,0.0,0.06882067851373183,0.041572428648357564,0.2874528809908454,0.0012924071082390954,0.02186322024771136,0.0,0.0,0.0002154011847065159,0.00010770059235325795,0.0007539041464728056,0.0002154011847065159,0.48077544426494345,0.005385029617662897,0.0,0.004308023694130318,0.03338718362950996,0.012493268712977922,0.00032310177705977385,0.0,0.0,0.019170705438879915,0.00010770059235325795,0.00420032310177706,0.0,0.0,0.0,0.017555196553581044,0.40035134480252,0.1743397140780228,0.16246668282045068,0.045614247637509084,0.0006663435909861885,0.05548824812212261,0.0038163314756481707,0.0001817300702689605,0.0,0.0,0.15707535740247153,0.06805347748443458,0.18398571359621604,0.10907862348568946,0.034750711906945314,0.031179110960953715,0.00738452628022588,0.48380713354891647,0.01766494521936387,0.021574400308895215,0.008687677976736329,0.0,0.0,0.00019305951059414065,0.00019305951059414065,0.0018823302282928714,0.0004826487764853516,0.0037646604565857427,0.0,0.00019305951059414065,0.0,0.0,0.020657367633573048,0.00019305951059414065,0.006274434094309571,0.0,0.0,0.0,0.2288996527926615,0.32774658150799435,0.08547301641733465,0.09940417506108278,0.07617128895366282,0.020360924171631874,0.000214325517596125,0.003386343178018775,0.00042865103519225,0.0,0.1579150413648249,0.3536274690788259,0.2191618977293705,0.10101532213402252,0.012110023998523168,0.015765183681004245,0.013623776998338563,7.384160974709248e-05,0.011482370315672882,0.011297766291305151,0.007088794535720879,0.01650359977847517,0.0017352778290566735,0.004135130145837179,0.1521875576887576,0.00029536643898836994,0.06664205279675096,0.0006645744877238324,0.0012553073657005722,0.0007384160974709249,0.00014768321949418497,0.0004061288536090087,0.0004061288536090087,0.00011076241462063873,0.001513752999815396,0.00011076241462063873,0.00029536643898836994,0.0005168912682296474,0.0004799704633561012,0.00022152482924127747,0.0015875946095624885,0.001070703341332841,0.0005907328779767399,0.0004799704633561012,0.00044304965848255493,0.0011076241462063873,0.00036920804873546244,0.0,0.00044304965848255493,7.384160974709248e-05,0.0,7.384160974709248e-05,0.0,0.0,0.0,0.00011076241462063873,3.692080487354624e-05,0.0
albany,0.018518518518518517,0.0,0.0,0.0,0.0,0.0,0.0,0.0,0.018518518518518517,0.0,0.0,0.0,0.0,0.0,0.0,0.0,0.0,0.0,0.0,0.018518518518518517,0.0,0.0,0.0,0.0,0.0,0.48148148148148145,0.0,0.0,0.0,0.0,0.0,0.0,0.018518518518518517,0.018518518518518517,0.07407407407407407,0.0,0.3333333333333333,0.0,0.0,0.0,0.0,0.0,0.0,0.0,0.0,0.018518518518518517,0.0,0.8333333333333334,0.0,0.0,0.0,0.0,0.0,0.0,0.0,0.0,0.0,0.0,0.14814814814814814,0.0,0.0,0.0,0.0,0.0,0.018518518518518517,0.0,0.0,0.0,0.0,0.0,0.0,0.0,0.0,0.0,0.19047619047619047,0.0,0.031746031746031744,0.07936507936507936,0.047619047619047616,0.015873015873015872,0.0,0.0,0.0,0.0,0.6349206349206349,0.8256410256410256,0.02564102564102564,0.0,0.07179487179487179,0.0,0.0,0.005128205128205128,0.010256410256410256,0.0,0.0,0.0,0.0,0.0,0.0,0.0,0.0,0.0,0.0,0.0,0.0,0.0,0.0,0.0,0.0,0.005128205128205128,0.0,0.0,0.0,0.0,0.0,0.0,0.005128205128205128,0.0,0.0,0.0,0.020512820512820513,0.02564102564102564,0.0,0.0,0.0,0.005128205128205128,0.0,0.0,0.0,0.0,0.0,0.0,0.015463917525773196,0.020618556701030927,0.9432989690721649,0.0,0.0,0.0,0.0,0.0,0.0,0.0,0.0,0.0,0.0,0.0,0.0,0.015463917525773196,0.0,0.0,0.0,0.0,0.0,0.0,0.0,0.0,0.0,0.0,0.0,0.09400179051029543,0.10474485228290063,0.06624888093106536,0.03670546105640107,0.0026857654431512983,0.012533572068039392,0.0,0.0,0.0,0.0,0.6830796777081468,0.09666283084004602,0.019562715765247412,0.4050632911392405,0.04487917146144994,0.22324510932105868,0.0,0.0023014959723820483,0.0,0.0,0.0,0.0023014959723820483,0.02761795166858458,0.0011507479861910242,0.0,0.0,0.0034522439585730723,0.0,0.0,0.0,0.0,0.012658227848101266,0.0,0.010356731875719217,0.0,0.0,0.0,0.0011507479861910242,0.031070195627157654,0.004602991944764097,0.0,0.0,0.0,0.004602991944764097,0.0,0.0,0.03567318757192175,0.02186421173762946,0.0,0.0,0.0,0.005753739930955121,0.0,0.02991944764096663,0.0,0.0,0.01611047180667434,0.0,0.17847025495750707,0.22662889518413598,0.5113314447592068,0.0,0.025495750708215296,0.0,0.0,0.0,0.0,0.0,0.0,0.009915014164305949,0.0,0.0,0.0,0.03824362606232295,0.0,0.0,0.007082152974504249,0.0,0.0,0.0,0.0,0.0,0.0,0.0,0.0,0.09400179051029543,0.10474485228290063,0.06624888093106536,0.03670546105640107,0.0,0.012533572068039392,0.0026857654431512983,0.0,0.0,0.0,0.6830796777081468,0.12915742793791574,0.46175166297117515,0.1984478935698448,0.10975609756097561,0.07150776053215077,0.0,0.009423503325942351,0.004434589800443459,0.0016629711751662971,0.0,0.0,0.0,0.0005543237250554324,0.0,0.0005543237250554324,0.0,0.0,0.0,0.0,0.003880266075388027,0.0,0.003880266075388027,0.0,0.004988913525498891,0.0,0.0,0.0,0.18285714285714286,0.18181818181818182,0.10545454545454545,0.08467532467532468,0.054025974025974026,0.0212987012987013,0.0005194805194805195,0.0036363636363636364,0.0005194805194805195,0.0005194805194805195,0.36467532467532465,0.5181422351233672,0.3352685050798258,0.02177068214804064,0.011611030478955007,0.0043541364296081275,0.02467343976777939,0.0,0.00822447992259313,0.006773101112723754,0.01644895984518626,0.006773101112723754,0.004837929366231253,0.0009675858732462506,0.0009675858732462506,0.0024189646831156266,0.0009675858732462506,0.012578616352201259,0.017900338655055636,0.0,0.0024189646831156266,0.0004837929366231253,0.0,0.0004837929366231253,0.0,0.0,0.0004837929366231253,0.0,0.0004837929366231253,0.0,0.0,0.0004837929366231253,0.0,0.0004837929366231253,0.0,0.0,0.0,0.0,0.0,0.0,0.0,0.0,0.0,0.0,0.0,0.0,0.0,0.0
philadelphia,0.000722543352601156,0.0,0.002167630057803468,0.0,0.0,0.0,0.0,0.000722543352601156,0.005780346820809248,0.0,0.0,0.001445086705202312,0.002890173410404624,0.0,0.000722543352601156,0.0,0.0,0.004335260115606936,0.0036127167630057803,0.002890173410404624,0.0,0.0,0.0,0.0,0.01300578034682081,0.7189306358381503,0.000722543352601156,0.002167630057803468,0.0,0.000722543352601156,0.0,0.0,0.06719653179190752,0.004335260115606936,0.0050578034682080926,0.000722543352601156,0.14378612716763006,0.0,0.0050578034682080926,0.0,0.0,0.0,0.0050578034682080926,0.0050578034682080926,0.0,0.002890173410404624,0.0,0.06185270425776755,0.0028768699654775605,0.0982245602498767,0.0,0.0,0.00020549071181982575,0.0001643925694558606,0.0020960052605622226,0.0007397665625513727,0.31468847608088113,0.0027124773960217,0.1595840867992767,0.0,0.020795660036166366,0.13381555153707053,0.0030823606772973863,0.0,0.1630774289002137,0.0023014959723820483,0.0,0.005096169653131678,0.0,0.002506986684201874,0.0,0.0,0.0,0.016850238369225713,0.27639821029082773,0.0002796420581655481,0.20184563758389262,0.1238814317673378,0.045022371364653244,0.018008948545861297,0.006487695749440716,0.0003355704697986577,0.0006152125279642058,0.0013422818791946308,0.3257829977628635,0.0,0.0,0.0,0.0,0.0,0.0,0.0,0.0,0.0,0.0,0.0,0.0,0.0,0.0,0.0,0.0,0.0,0.0,0.0,0.0,0.0,0.0,0.0,0.0,0.0,0.0,0.0,0.0,0.0,0.0,0.0,0.0,0.0,0.0,0.0,0.0,0.0,0.0,0.0,0.0,0.0,0.0,0.0,0.0,0.0,0.0,0.0,0.0,0.0,0.0,0.0,0.0,0.0,0.0,0.0,0.0,0.0,0.0,0.0,0.0,0.0,0.0,0.0,0.0,0.0,0.0,0.0,0.0,0.0,0.0,0.0,0.0,0.0,0.0,0.0,0.0,0.0,0.0,0.0,0.0,0.0,0.0,0.0,0.0,0.0,0.004682535258375606,0.019510563576565026,0.5726071687385027,0.007023802887563409,0.09470985004738279,0.00016723340208484307,0.0010591448798706728,0.0,5.574446736161436e-05,0.0004459557388929149,0.0002787223368080718,0.013880372373041976,0.004459557388929149,0.0,0.00039021127153130054,0.00022297786944645745,0.002452756563911032,0.00011148893472322872,0.0,0.0,0.08623669100841741,0.024973521378003235,0.028708400691231397,0.0,0.0,0.00033446680416968614,0.00022297786944645745,0.06455209320474943,0.002341267629187803,0.0002787223368080718,5.574446736161436e-05,0.0,0.004292323986844306,0.0,0.0,0.010145493059813814,0.00217403422710296,5.574446736161436e-05,0.0,0.00039021127153130054,0.0015051006187635878,0.0,0.029767545571102068,0.0007804225430626011,0.0015051006187635878,0.019622052511288256,0.0,0.06638921918351169,0.05846214823622672,0.2973312194477474,0.00033029462280354075,0.022261857576958647,0.0,0.0,0.0001321178491214163,6.605892456070815e-05,0.00033029462280354075,0.00019817677368212446,0.426212181265689,0.0016514731140177038,0.0,0.0007927070947284979,0.034020346148764695,0.003104769454353283,0.0,0.0005284713964856652,0.0,0.004161712247324614,0.0001321178491214163,0.0019157088122605363,6.605892456070815e-05,0.0,0.0,0.025895098427797594,0.27639821029082773,0.20184563758389262,0.1238814317673378,0.045022371364653244,0.0002796420581655481,0.018008948545861297,0.006487695749440716,0.0003355704697986577,0.0006152125279642058,0.0013422818791946308,0.3257829977628635,0.1630774289002137,0.1595840867992767,0.06185270425776755,0.13381555153707053,0.0982245602498767,0.0028768699654775605,0.31468847608088113,0.020795660036166366,0.0030823606772973863,0.016850238369225713,0.0,0.0,0.00020549071181982575,0.0001643925694558606,0.0020960052605622226,0.0007397665625513727,0.0027124773960217,0.0,0.0,0.0023014959723820483,0.0,0.005096169653131678,0.0,0.002506986684201874,0.0,0.0,0.0,0.2544856868922065,0.28630781171529013,0.09619686800894854,0.11929872620189015,0.06437474318586495,0.026663014198968178,0.002008857234168835,0.004565584623110989,0.0011870520020088571,0.003515500159795462,0.14139615577774733,0.32445974373685216,0.5615987760566074,0.003939567794989482,0.009562057754828839,0.002294893861158921,0.0004972270032510996,0.008032128514056224,0.007879135589978964,0.0050105182635303116,0.0015299292407726143,0.003863071332950851,0.010862497609485561,0.007305412124689233,0.00034423407917383823,0.003327596098680436,0.00011474469305794607,0.014381334863262573,0.009370816599732263,7.649646203863071e-05,0.003633581946834959,0.00015299292407726142,0.00038248231019315357,0.00015299292407726142,0.00034423407917383823,0.0006502199273283611,0.00034423407917383823,0.0004589787722317843,0.0010327022375215145,0.0017594186268885064,0.0004589787722317843,0.0006502199273283611,0.00015299292407726142,0.0005737234652897303,0.00527825588066552,0.00011474469305794607,0.0,0.0,0.00011474469305794607,0.0,0.0,0.00929432013769363,0.0,0.0,0.0,0.0,0.0,0.0
miami,0.012195121951219513,0.0,0.012195121951219513,0.0,0.0,0.0,0.0,0.0,0.0040650406504065045,0.008130081300813009,0.0,0.0,0.0040650406504065045,0.0,0.016260162601626018,0.0,0.0,0.0040650406504065045,0.0,0.0,0.0040650406504065045,0.008130081300813009,0.0,0.0040650406504065045,0.024390243902439025,0.2845528455284553,0.0040650406504065045,0.012195121951219513,0.008130081300813009,0.0,0.0,0.0,0.07317073170731707,0.0040650406504065045,0.044715447154471545,0.0,0.43902439024390244,0.0,0.008130081300813009,0.0,0.0,0.0,0.016260162601626018,0.0,0.0,0.0040650406504065045,0.0,0.5173745173745173,0.011583011583011582,0.0,0.0,0.0,0.0,0.0,0.011583011583011582,0.05019305019305019,0.138996138996139,0.05019305019305019,0.06177606177606178,0.0,0.003861003861003861,0.011583011583011582,0.019305019305019305,0.0,0.011583011583011582,0.0,0.0,0.07335907335907337,0.007722007722007722,0.0,0.0,0.0,0.0,0.03088803088803089,0.30808080808080807,0.0,0.13131313131313133,0.26262626262626265,0.1414141414141414,0.08585858585858586,0.050505050505050504,0.020202020202020204,0.0,0.0,0.0,0.299931129476584,0.2128099173553719,0.0065426997245179065,0.01652892561983471,0.0006887052341597796,0.0440771349862259,0.06887052341597796,0.0,0.0003443526170798898,0.04132231404958678,0.0027548209366391185,0.0027548209366391185,0.0,0.007231404958677686,0.009297520661157025,0.011019283746556474,0.0006887052341597796,0.009297520661157025,0.0,0.0013774104683195593,0.0,0.0006887052341597796,0.040977961432506885,0.0,0.003443526170798898,0.0013774104683195593,0.004132231404958678,0.0,0.013429752066115703,0.022727272727272728,0.0030991735537190084,0.001721763085399449,0.0027548209366391185,0.0,0.0,0.028925619834710745,0.004476584022038568,0.0010330578512396695,0.0,0.01652892561983471,0.0006887052341597796,0.0,0.07128099173553719,0.0006887052341597796,0.026515151515151516,0.01997245179063361,0.0,0.06953376205787781,0.0727491961414791,0.3653536977491961,0.0008038585209003215,0.0012057877813504824,0.0,0.0,0.0,0.00040192926045016077,0.0008038585209003215,0.01567524115755627,0.1579581993569132,0.049437299035369774,0.0,0.003215434083601286,0.1197749196141479,0.00964630225080386,0.0,0.0,0.0,0.008440514469453377,0.006832797427652733,0.0012057877813504824,0.00040192926045016077,0.0,0.0,0.02612540192926045,0.38125542377784205,0.12004628290425225,0.3187735030373156,0.10240092565808505,0.005785363031530229,0.07058142898466879,0.0002892681515765114,0.0005785363031530228,0.0002892681515765114,0.0,0.0,0.0440771349862259,0.01652892561983471,0.2128099173553719,0.06887052341597796,0.299931129476584,0.0003443526170798898,0.04132231404958678,0.0027548209366391185,0.0027548209366391185,0.0,0.007231404958677686,0.009297520661157025,0.0065426997245179065,0.011019283746556474,0.0006887052341597796,0.009297520661157025,0.0,0.0013774104683195593,0.0,0.0006887052341597796,0.040977961432506885,0.0,0.003443526170798898,0.0013774104683195593,0.004132231404958678,0.0,0.013429752066115703,0.022727272727272728,0.01652892561983471,0.0030991735537190084,0.001721763085399449,0.0006887052341597796,0.0027548209366391185,0.0,0.0,0.028925619834710745,0.004476584022038568,0.0010330578512396695,0.0,0.0006887052341597796,0.0,0.0,0.07128099173553719,0.0006887052341597796,0.026515151515151516,0.01997245179063361,0.0,0.06953376205787781,0.0727491961414791,0.3653536977491961,0.0008038585209003215,0.0012057877813504824,0.0,0.0,0.0,0.00040192926045016077,0.0008038585209003215,0.01567524115755627,0.1579581993569132,0.049437299035369774,0.0,0.003215434083601286,0.1197749196141479,0.00964630225080386,0.0,0.0,0.0,0.008440514469453377,0.006832797427652733,0.0012057877813504824,0.00040192926045016077,0.0,0.0,0.02612540192926045,0.38125542377784205,0.12004628290425225,0.3187735030373156,0.10240092565808505,0.0002892681515765114,0.07058142898466879,0.005785363031530229,0.0005785363031530228,0.0002892681515765114,0.0,0.0,0.17760377827491922,0.15983097191150883,0.09209545115585384,0.2866020382798906,0.0058414118816803385,0.0019885657469550086,0.11148396718866517,0.040517027094208305,0.0114342530449913,0.0436241610738255,0.0,0.0,0.00024857071836937607,0.00024857071836937607,0.0019885657469550086,0.015162813820531942,0.03107133979617201,0.0,0.0014914243102162564,0.0007457121551081282,0.0,0.010315684812329107,0.005592841163310962,0.0017399950285856326,0.0003728560775540641,0.0,0.0,0.312082198564001,0.2995791037385491,0.08541718247090864,0.15771230502599654,0.09507303788066353,0.03552859618717504,0.0,0.012255508789304283,0.0021044813072542707,0.0002475860361475613,0.0,0.5407662082514735,0.1656188605108055,0.042337917485265227,0.029764243614931237,0.00550098231827112,0.015815324165029468,0.04970530451866405,0.007956777996070728,0.013654223968565816,0.005206286836935167,0.02986247544204322,0.01031434184675835,0.0063850687622789785,0.005108055009823182,0.005009823182711199,0.0028487229862475443,0.0004911591355599214,0.005992141453831042,0.00068762278978389,0.006974459724950884,0.0011787819253438114,0.0020628683693516697,0.002455795677799607,0.0009823182711198428,0.0,0.00068762278978389,0.0018664047151277013,0.01669941060903733,9.823182711198428e-05,0.0015717092337917485,0.00481335952848723,0.00029469548133595285,0.0010805500982318272,0.0007858546168958742,0.00019646365422396856,0.006777996070726915,0.0028487229862475443,0.00137524557956778,0.0,0.0,0.0008840864440078585,0.003241650294695481,0.0,0.0,9.823182711198428e-05,0.0,0.0
south_san_francisco,0.0,0.0,0.0,0.0,0.0,0.0,0.0,0.0,0.0,0.0,0.0,0.0,0.0,0.0,0.0,0.0,0.0,0.0,0.0,0.0,0.0,0.0,0.0,0.0,0.0,0.0,0.0,0.0,0.0,0.0,0.0,0.0,0.0,0.0,0.0,0.0,1.0,0.0,0.0,0.0,0.0,0.0,0.0,0.0,0.0,0.0,0.0,0.0,0.0,0.0,0.0,0.0,0.0,0.0,0.0,0.0,0.0,0.5,0.0,0.0,0.0,0.0,0.0,0.0,0.5,0.0,0.0,0.0,0.0,0.0,0.0,0.0,0.0,0.0,0.0,0.0,0.0,0.5,0.0,0.5,0.0,0.0,0.0,0.0,0.0,0.52,0.08,0.0,0.2,0.0,0.0,0.0,0.0,0.0,0.0,0.0,0.0,0.0,0.0,0.0,0.04,0.0,0.0,0.0,0.0,0.0,0.0,0.0,0.0,0.0,0.0,0.0,0.0,0.0,0.0,0.0,0.0,0.0,0.0,0.0,0.08,0.04,0.0,0.0,0.0,0.0,0.04,0.0,0.0,0.0,0.0,0.0,0.04,0.0,0.32,0.0,0.0,0.0,0.0,0.0,0.0,0.0,0.0,0.0,0.0,0.0,0.0,0.12,0.0,0.0,0.0,0.0,0.0,0.0,0.0,0.0,0.0,0.0,0.0,0.09523809523809523,0.047619047619047616,0.5714285714285714,0.047619047619047616,0.047619047619047616,0.047619047619047616,0.0,0.047619047619047616,0.0,0.0,0.09523809523809523,0.21052631578947367,0.043859649122807015,0.2719298245614035,0.06140350877192982,0.12280701754385964,0.0,0.0,0.0,0.0,0.008771929824561403,0.0,0.05263157894736842,0.0,0.0,0.017543859649122806,0.008771929824561403,0.0,0.0,0.0,0.0,0.03508771929824561,0.0,0.0,0.0,0.0,0.0,0.0,0.043859649122807015,0.06140350877192982,0.0,0.0,0.0,0.0,0.0,0.0,0.02631578947368421,0.008771929824561403,0.0,0.0,0.0,0.0,0.008771929824561403,0.017543859649122806,0.0,0.0,0.0,0.0,0.06666666666666667,0.022222222222222223,0.35555555555555557,0.0,0.0,0.0,0.0,0.0,0.0,0.0,0.011111111111111112,0.16666666666666666,0.011111111111111112,0.0,0.0,0.13333333333333333,0.0,0.0,0.0,0.0,0.011111111111111112,0.0,0.0,0.0,0.0,0.0,0.03333333333333333,0.23648648648648649,0.13513513513513514,0.19594594594594594,0.04054054054054054,0.0,0.0472972972972973,0.006756756756756757,0.0,0.0,0.0,0.33783783783783783,0.3894080996884735,0.09034267912772585,0.024922118380062305,0.2523364485981308,0.06853582554517133,0.04361370716510903,0.06230529595015576,0.04672897196261682,0.0,0.012461059190031152,0.0,0.0,0.003115264797507788,0.0,0.0,0.0,0.006230529595015576,0.0,0.0,0.0,0.0,0.0,0.0,0.0,0.0,0.0,0.0,0.27466666666666667,0.20266666666666666,0.13866666666666666,0.15733333333333333,0.056,0.042666666666666665,0.0,0.010666666666666666,0.008,0.0,0.10933333333333334,0.315028901734104,0.21965317919075145,0.0953757225433526,0.11849710982658959,0.0953757225433526,0.017341040462427744,0.0,0.008670520231213872,0.028901734104046242,0.02023121387283237,0.0,0.002890173410404624,0.005780346820809248,0.002890173410404624,0.011560693641618497,0.0,0.011560693641618497,0.011560693641618497,0.0,0.002890173410404624,0.002890173410404624,0.0,0.0,0.0,0.0,0.005780346820809248,0.0,0.0,0.002890173410404624,0.0,0.002890173410404624,0.0,0.002890173410404624,0.002890173410404624,0.0,0.002890173410404624,0.0,0.0,0.0,0.0,0.005780346820809248,0.0,0.0,0.0,0.0,0.002890173410404624,0.0
san_diego,0.013888888888888888,0.0,0.0,0.0,0.0,0.0,0.0,0.0,0.0,0.0,0.0,0.0,0.0,0.05555555555555555,0.027777777777777776,0.0,0.0,0.0,0.0,0.0,0.0,0.027777777777777776,0.0,0.0,0.0,0.2222222222222222,0.0,0.09722222222222222,0.0,0.013888888888888888,0.0,0.0,0.08333333333333333,0.027777777777777776,0.027777777777777776,0.0,0.3888888888888889,0.0,0.0,0.0,0.0,0.0,0.0,0.0,0.0,0.013888888888888888,0.0,0.0,0.0,0.05970149253731343,0.0,0.0,0.014925373134328358,0.0,0.0,0.0,0.29850746268656714,0.014925373134328358,0.13432835820895522,0.0,0.014925373134328358,0.014925373134328358,0.23880597014925373,0.0,0.11940298507462686,0.0,0.0,0.029850746268656716,0.0,0.029850746268656716,0.0,0.0,0.0,0.029850746268656716,0.34831460674157305,0.0,0.02247191011235955,0.24719101123595505,0.1348314606741573,0.0898876404494382,0.011235955056179775,0.033707865168539325,0.0,0.0,0.11235955056179775,0.09329710144927536,0.1956521739130435,0.004528985507246377,0.010869565217391304,0.0,0.12228260869565218,0.09239130434782608,0.0,0.0,0.008152173913043478,0.0,0.0,0.0,0.0,0.009057971014492754,0.0,0.0018115942028985507,0.03713768115942029,0.0,0.028079710144927536,0.0,0.0,0.06159420289855073,0.0,0.01177536231884058,0.0,0.0009057971014492754,0.0,0.007246376811594203,0.04528985507246377,0.0,0.0018115942028985507,0.020833333333333332,0.0,0.0,0.044384057971014496,0.017210144927536232,0.0,0.0,0.015398550724637682,0.0018115942028985507,0.007246376811594203,0.05434782608695652,0.0,0.0,0.1068840579710145,0.0,0.125,0.0,0.5533980582524272,0.0,0.055825242718446605,0.0,0.0,0.0,0.0,0.0012135922330097086,0.0048543689320388345,0.125,0.006067961165048544,0.0,0.006067961165048544,0.032766990291262135,0.03519417475728155,0.0,0.0,0.0,0.0,0.0,0.0012135922330097086,0.0,0.0,0.0,0.05218446601941747,0.3411290322580645,0.2,0.22661290322580646,0.08064516129032258,0.01532258064516129,0.037096774193548385,0.0008064516129032258,0.0008064516129032258,0.0,0.0,0.09758064516129032,0.0,0.0,0.0,0.0,0.0,0.0,0.0,0.0,0.0,0.0,0.0,0.0,0.0,0.0,0.0,0.0,0.0,0.0,0.0,0.0,0.0,0.0,0.0,0.0,0.0,0.0,0.0,0.0,0.0,0.0,0.0,0.0,0.0,0.0,0.0,0.0,0.0,0.0,0.0,0.0,0.0,0.0,0.0,0.0,0.0,0.0,0.0,0.0,0.0,0.0,0.0,0.0,0.0,0.0,0.0,0.0,0.0,0.0,0.0,0.0,0.0,0.0,0.0,0.0,0.0,0.0,0.0,0.0,0.0,0.0,0.0,0.0,0.0,0.0,0.0,0.0,0.0,0.0,0.0,0.0,0.0,0.0,0.0,0.0,0.0,0.4653828519027969,0.13709307657038056,0.0,0.08551123337918386,0.12425492893168272,0.0,0.05135259055479138,0.0442457588262265,0.03736817973406694,0.035534158642824394,0.0,0.0,0.0034387895460797797,0.000687757909215956,0.0009170105456212746,0.0022925263640531865,0.0029802842732691427,0.0,0.0,0.0,0.0,0.0041265474552957355,0.00022925263640531865,0.0020632737276478678,0.0,0.0,0.0,0.280385507763698,0.28859539532393363,0.09655541674103159,0.12707478136712475,0.09816169908977333,0.028377654827770837,0.0012493307156880244,0.005354274495805818,0.000892379082634303,0.0016062823487417454,0.07174727824379797,0.3421629157538339,0.17506472814180443,0.0732921728739295,0.10436168094005178,0.009958175662218682,0.006174068910575582,0.16550487950607448,0.01374228241386178,0.007966540529774946,0.01254730133439554,0.005377414857598088,0.001593308105954989,0.0019916351324437364,0.006771559450308703,0.006174068910575582,0.006174068910575582,0.0,0.01095399322844055,0.0005974905397331209,0.006174068910575582,0.022903804023102967,0.0,0.0,0.00039832702648874725,0.0,0.00019916351324437363,0.0,0.0047799243178649675,0.0,0.0,0.0,0.0,0.0013941445927106153,0.0,0.0,0.0,0.0009958175662218682,0.0013941445927106153,0.0,0.0,0.0,0.0,0.0,0.0,0.0,0.011352320254929297,0.0
duval,0.025069637883008356,0.005571030640668524,0.0,0.0,0.0,0.0,0.0,0.005571030640668524,0.008356545961002786,0.0,0.0,0.008356545961002786,0.0,0.0,0.022284122562674095,0.0,0.0,0.008356545961002786,0.0,0.002785515320334262,0.0,0.016713091922005572,0.0,0.0,0.002785515320334262,0.23676880222841226,0.002785515320334262,0.0,0.002785515320334262,0.0,0.0,0.0,0.019498607242339833,0.013927576601671309,0.016713091922005572,0.0,0.5543175487465181,0.0,0.011142061281337047,0.0,0.0,0.0,0.025069637883008356,0.005571030640668524,0.0,0.005571030640668524,0.0,0.13333333333333333,0.013888888888888888,0.016666666666666666,0.0,0.0,0.0,0.0,0.0,0.002777777777777778,0.5138888888888888,0.005555555555555556,0.05555555555555555,0.0,0.019444444444444445,0.008333333333333333,0.06388888888888888,0.0,0.03333333333333333,0.0,0.0,0.08611111111111111,0.0,0.005555555555555556,0.0,0.0,0.0,0.041666666666666664,0.4036363636363636,0.0,0.1709090909090909,0.21818181818181817,0.12,0.05454545454545454,0.02181818181818182,0.007272727272727273,0.0,0.0036363636363636364,0.0,0.3432574430823117,0.21409807355516638,0.010070052539404553,0.044220665499124345,0.0,0.05472854640980736,0.047285464098073555,0.003064798598949212,0.0035026269702276708,0.006129597197898424,0.0,0.00043782837127845885,0.0017513134851138354,0.00043782837127845885,0.0021891418563922942,0.0,0.0035026269702276708,0.012259194395796848,0.0021891418563922942,0.0013134851138353765,0.0,0.0,0.03590192644483362,0.0,0.002626970227670753,0.0,0.0070052539404553416,0.0013134851138353765,0.0017513134851138354,0.012697022767075307,0.0013134851138353765,0.0013134851138353765,0.0008756567425569177,0.00043782837127845885,0.0,0.03239929947460595,0.03021015761821366,0.0,0.0,0.03064798598949212,0.0,0.0,0.06304728546409807,0.0008756567425569177,0.008318739054290718,0.01882661996497373,0.0,0.018518518518518517,0.0030864197530864196,0.8703703703703703,0.0007716049382716049,0.004629629629629629,0.0,0.0,0.006172839506172839,0.0,0.0,0.0,0.033179012345679014,0.0,0.0,0.0,0.006172839506172839,0.0015432098765432098,0.0,0.0,0.0,0.0,0.0,0.0007716049382716049,0.0,0.0,0.0,0.033950617283950615,0.2153225806451613,0.20161290322580644,0.22096774193548388,0.13951612903225807,0.02338709677419355,0.19032258064516128,0.0024193548387096775,0.0064516129032258064,0.0,0.0,0.0,0.05472854640980736,0.03064798598949212,0.21409807355516638,0.047285464098073555,0.3432574430823117,0.0035026269702276708,0.006129597197898424,0.0,0.00043782837127845885,0.0017513134851138354,0.00043782837127845885,0.0021891418563922942,0.010070052539404553,0.0,0.0035026269702276708,0.012259194395796848,0.0021891418563922942,0.0013134851138353765,0.0,0.0,0.03590192644483362,0.0,0.002626970227670753,0.0,0.0070052539404553416,0.0013134851138353765,0.0017513134851138354,0.012697022767075307,0.044220665499124345,0.0013134851138353765,0.0013134851138353765,0.0,0.0008756567425569177,0.00043782837127845885,0.0,0.03239929947460595,0.03021015761821366,0.0,0.0,0.0,0.003064798598949212,0.0,0.06304728546409807,0.0008756567425569177,0.008318739054290718,0.01882661996497373,0.0,0.056371387967787775,0.018474656560871626,0.38417811463761253,0.0009474182851729038,0.021316911416390336,0.0,0.0,0.0,0.0,0.0004737091425864519,0.0,0.3822832780672667,0.0,0.0,0.005684509711037423,0.03600189483657035,0.015632401705352912,0.0,0.0,0.0,0.015632401705352912,0.0,0.0028422548555187117,0.0,0.0,0.0,0.025580293699668404,0.23768809849521202,0.17099863201094392,0.1600547195622435,0.06087551299589603,0.0,0.3649110807113543,0.005129958960328317,0.0003419972640218878,0.0,0.0,0.0,0.11736781797348175,0.18137174660337207,0.03633982648551318,0.16745784907513506,0.05835652316254706,0.0019643149451628746,0.308888525126862,0.05393681453593059,0.025372401375020462,0.012686200687510231,0.0,0.0,0.0029464724177443117,0.0002455393681453593,0.003928629890325749,0.0,0.0009821574725814373,0.0,0.0,0.0020461614012113275,0.0,0.019806842363725652,0.0004092322802422655,0.005892944835488623,0.0,0.0,0.0,0.2649482013214781,0.26135900154988173,0.0955216575577127,0.13679745493107104,0.18884085161921854,0.041357370095440084,0.0008972999428990946,0.00889142670690921,0.0010604453870625664,0.0003262908883269435,0.0,0.6144679206390106,0.1521515073434682,0.022481319247616594,0.024220561710899254,0.022481319247616594,0.02376964699819634,0.004509147127029116,0.011079618654985829,0.021579489822210772,0.009662458129348106,0.02428497809842824,0.0055398093274929144,0.01153053336768874,0.009855707291935068,0.004960061839732028,0.004766812677145065,0.0030275702138624068,0.006441638752898738,0.000515331100231899,0.0021257407884565835,0.0006441638752898738,0.0019324916258696213,0.00012883277505797475,0.0010950785879927853,0.0007729966503478485,0.0014815769131667096,0.0010950785879927853,0.0023189899510435456,0.0016104096882246844,0.000515331100231899,0.0019969080133986085,0.0010950785879927853,0.0006441638752898738,0.0007729966503478485,0.0021257407884565835,0.0005797474877608864,0.00012883277505797475,0.0014815769131667096,0.0,0.0,0.00012883277505797475,0.0,0.0,0.0,0.0,0.0,0.0
